{
    "timestamp": "20250602_172120",
    "analysis_date": "2025-06-02T17:21:20.026758",
    "total_validation_points": 211,
    "metrics": {
        "temperature_2m": {
            "mae": 0.5038947176589762,
            "rmse": 0.6433844169673475
        },
        "relative_humidity_2m": {
            "mae": 0.7812668453182219,
            "rmse": 0.9936125714164452
        },
        "shortwave_radiation": {
            "mae": 27.011808649728156,
            "rmse": 31.25819680136177
        },
        "cloud_cover": {
            "mae": 0.11386774415724667,
            "rmse": 0.30311998538057
        },
        "snow_depth": {
            "mae": 0.057021436241187905,
            "rmse": 0.21918062875758784
        },
        "snowfall": {
            "mae": 0.0013409360670592993,
            "rmse": 0.0068705031083976815
        },
        "wind_speed_10m": {
            "mae": 0.03326799988389689,
            "rmse": 0.06264904911637306
        },
        "weather_code": {
            "mae": 0.1900795072736692,
            "rmse": 0.6049454774909501
        },
        "freezing_level_height": {
            "mae": 82.79989382606487,
            "rmse": 104.98774458530927
        },
        "surface_pressure": {
            "mae": 9.464970073225778,
            "rmse": 12.050941347210777
        }
    }
}